-- phpMyAdmin SQL Dump
-- version 4.0.5
-- http://www.phpmyadmin.net
--
-- Host: localhost
-- Czas wygenerowania: 29 Paź 2013, 14:47
-- Wersja serwera: 5.1.57-rel12.8-log
-- Wersja PHP: 5.3.17

SET SQL_MODE = "NO_AUTO_VALUE_ON_ZERO";
SET time_zone = "+00:00";


/*!40101 SET @OLD_CHARACTER_SET_CLIENT=@@CHARACTER_SET_CLIENT */;
/*!40101 SET @OLD_CHARACTER_SET_RESULTS=@@CHARACTER_SET_RESULTS */;
/*!40101 SET @OLD_COLLATION_CONNECTION=@@COLLATION_CONNECTION */;
/*!40101 SET NAMES utf8 */;

--
-- Baza danych: `aa30310_jsbubbles`
--

-- --------------------------------------------------------

--
-- Struktura tabeli dla tabeli `game`
--

CREATE TABLE IF NOT EXISTS `game` (
  `id` tinyint(3) unsigned NOT NULL AUTO_INCREMENT,
  `name` varchar(60) NOT NULL,
  `type` varchar(10) DEFAULT NULL,
  PRIMARY KEY (`id`)
) ENGINE=InnoDB  DEFAULT CHARSET=utf8 COMMENT='SĹ‚ownik typĂłw gier' AUTO_INCREMENT=5 ;

--
-- Zrzut danych tabeli `game`
--

INSERT INTO `game` (`id`, `name`, `type`) VALUES
(1, 'Standard', 'type1'),
(2, 'Compressive', 'type2'),
(3, 'Add balls', 'type3'),
(4, 'Add balls and compress', 'type4');

-- --------------------------------------------------------

--
-- Struktura tabeli dla tabeli `gamer`
--

CREATE TABLE IF NOT EXISTS `gamer` (
  `id` int(10) unsigned NOT NULL AUTO_INCREMENT,
  `name` varchar(64) NOT NULL,
  `options` varchar(1000) NOT NULL COMMENT 'opcje gry danego uĹĽytkownika zapisane w postaci zserializowanego JSON',
  `add_date` datetime DEFAULT NULL,
  `last_update_date` timestamp NOT NULL DEFAULT CURRENT_TIMESTAMP ON UPDATE CURRENT_TIMESTAMP,
  PRIMARY KEY (`id`)
) ENGINE=InnoDB  DEFAULT CHARSET=utf8 COMMENT='Tablica graczy' AUTO_INCREMENT=139 ;

--
-- Zrzut danych tabeli `gamer`
--

INSERT INTO `gamer` (`id`, `name`, `options`, `add_date`, `last_update_date`) VALUES
(16, 'Jarek', '{"currentGameType":"Compressive","playerName":"Jarek","boardSize":{"x":12,"y":16},"oneClickMode":false,"enableAudio":false,"boardBackground":"","theme":"metro","boardType":"bools"}', '2011-11-07 23:24:41', '2011-11-13 10:28:05'),
(17, 'alt', '{"currentGameType":"Standard","playerName":"alt","boardSize":{"x":12,"y":16},"oneClickMode":false,"enableAudio":false,"boardBackground":"","theme":"metro","boardType":"bools"}', '2011-11-08 16:18:32', '2011-11-08 15:18:32'),
(18, 'XXX', '{"currentGameType":"Standard","playerName":"XXX","boardSize":{"x":12,"y":16},"oneClickMode":false,"enableAudio":false,"boardBackground":"","theme":"metro","boardType":"bools"}', '2011-11-09 16:56:27', '2011-11-09 15:56:27'),
(19, 'Karol', '{"currentGameType":"Standard","playerName":"Karol","boardSize":{"x":12,"y":16},"oneClickMode":false,"enableAudio":false,"boardBackground":"","theme":"metro","boardType":"bools"}', '2011-11-10 10:13:10', '2011-11-10 09:13:10'),
(20, 'pom', '{"currentGameType":"Add balls and compress","playerName":"pom","boardSize":{"x":12,"y":16},"oneClickMode":false,"enableAudio":false,"boardBackground":"","theme":"metro","boardType":"bools"}', '2011-11-10 10:17:29', '2011-11-10 09:17:29'),
(21, 'aaa', '{"currentGameType":"Standard","playerName":"aaa","boardSize":{"x":12,"y":16},"oneClickMode":false,"enableAudio":false,"boardBackground":"","theme":"metro","boardType":"bools"}', '2011-11-10 10:24:56', '2011-11-10 09:24:56'),
(22, 'john', '{"currentGameType":"Standard","playerName":"john","boardSize":{"x":12,"y":16},"oneClickMode":false,"enableAudio":false,"boardBackground":"","theme":"metro","boardType":"bools"}', '2011-11-10 10:37:11', '2011-11-10 09:37:11'),
(23, 'majnjak', '{"currentGameType":"Standard","playerName":"majnjak","boardSize":{"x":12,"y":16},"oneClickMode":false,"enableAudio":false,"boardBackground":"","theme":"metro","boardType":"bools"}', '2011-11-10 11:56:28', '2011-11-10 10:56:28'),
(24, 'promotor', '{"currentGameType":"Standard","playerName":"promotor","boardSize":{"x":12,"y":16},"oneClickMode":false,"enableAudio":false,"boardBackground":"","theme":"metro","boardType":"bools"}', '2011-11-10 12:54:27', '2011-11-10 11:54:27'),
(25, 'JVEnaguas', '{"currentGameType":"Add balls","playerName":"JVEnaguas","boardSize":{"x":12,"y":16},"oneClickMode":false,"enableAudio":false,"boardBackground":"","theme":"metro","boardType":"squares"}', '2011-11-10 13:49:46', '2011-11-10 12:49:46'),
(26, 'dfas', '{"currentGameType":"Standard","playerName":"dfas","boardSize":{"x":12,"y":16},"oneClickMode":false,"enableAudio":false,"boardBackground":"","theme":"metro","boardType":"bools"}', '2011-11-10 14:06:32', '2011-11-10 13:06:32'),
(27, 'pjeter', '{"currentGameType":"Standard","playerName":"pjeter","boardSize":{"x":12,"y":16},"oneClickMode":false,"enableAudio":false,"boardBackground":"","theme":"metro","boardType":"bools"}', '2011-11-10 16:24:16', '2011-11-10 15:24:16'),
(28, 'Remik', '{"currentGameType":"Standard","playerName":"Remik","boardSize":{"x":12,"y":16},"oneClickMode":false,"enableAudio":false,"boardBackground":"","theme":"metro","boardType":"bools"}', '2011-11-12 22:54:44', '2011-11-12 21:54:44'),
(29, 'xxx', '{"currentGameType":"Standard","playerName":"xxx","boardSize":{"x":12,"y":16},"oneClickMode":false,"enableAudio":false,"boardBackground":"","theme":"metro","boardType":"bools"}', '2011-11-13 13:12:46', '2011-11-13 12:12:46'),
(30, 'margo', '{"currentGameType":"Standard","playerName":"margo","boardSize":{"x":12,"y":16},"oneClickMode":false,"enableAudio":false,"boardBackground":"","theme":"metro","boardType":"squares"}', '2011-11-16 22:01:30', '2011-11-16 21:11:29'),
(31, 'ppp', '{"currentGameType":"Standard","playerName":"ppp","boardSize":{"x":12,"y":16},"oneClickMode":false,"enableAudio":false,"boardBackground":"","theme":"metro","boardType":"bools"}', '2011-11-19 18:10:17', '2011-11-19 17:10:17'),
(32, 'beata', '{"currentGameType":"Standard","playerName":"beata","boardSize":{"x":12,"y":16},"oneClickMode":false,"enableAudio":false,"boardBackground":"","theme":"metro","boardType":"squares"}', '2011-11-19 20:40:42', '2011-11-19 19:40:42'),
(33, 'mandzi', '{"currentGameType":"Standard","playerName":"mandzi","boardSize":{"x":12,"y":16},"oneClickMode":false,"enableAudio":false,"boardBackground":"","theme":"metro","boardType":"bools"}', '2011-11-28 14:28:11', '2011-11-28 13:28:11'),
(34, 'aw', '{"currentGameType":"Standard","playerName":"aw","boardSize":{"x":12,"y":16},"oneClickMode":false,"enableAudio":false,"boardBackground":"","theme":"metro","boardType":"bools"}', '2011-12-04 18:30:18', '2011-12-04 17:30:18'),
(35, 'lukii', '{"currentGameType":"Standard","playerName":"lukii","boardSize":{"x":12,"y":16},"oneClickMode":false,"enableAudio":false,"boardBackground":"","theme":"metro","boardType":"bools"}', '2011-12-16 16:23:22', '2011-12-16 15:23:22'),
(36, 'jery', '{"currentGameType":"Add balls and compress","playerName":"jery","boardSize":{"x":12,"y":16},"oneClickMode":false,"enableAudio":false,"boardBackground":"","theme":"metro","boardType":"bools"}', '2011-12-20 19:24:49', '2011-12-20 18:24:49'),
(37, 'tremek', '{"currentGameType":"Standard","playerName":"tremek","boardSize":{"x":12,"y":16},"oneClickMode":false,"enableAudio":false,"boardBackground":"","theme":"metro","boardType":"bools"}', '2011-12-22 18:20:24', '2011-12-22 17:20:24'),
(38, 'Adam', '{"currentGameType":"Standard","playerName":"Adam","boardSize":{"x":12,"y":16},"oneClickMode":false,"enableAudio":false,"boardBackground":"","theme":"metro","boardType":"bools"}', '2011-12-27 19:22:54', '2011-12-27 18:22:54'),
(39, 'cybri0nix', '{"currentGameType":"Standard","playerName":"cybri0nix","boardSize":{"x":12,"y":16},"oneClickMode":false,"enableAudio":false,"boardBackground":"","theme":"metro","boardType":"bools"}', '2011-12-28 04:56:56', '2011-12-28 03:56:56'),
(40, 'sss', '{"currentGameType":"Standard","playerName":"sss","boardSize":{"x":12,"y":16},"oneClickMode":false,"enableAudio":false,"boardBackground":"","theme":"metro","boardType":"bools"}', '2011-12-28 19:37:29', '2011-12-28 18:37:29'),
(41, 'teresa', '{"currentGameType":"Standard","playerName":"teresa","boardSize":{"x":12,"y":16},"oneClickMode":false,"enableAudio":false,"boardBackground":"","theme":"metro","boardType":"bools"}', '2012-01-03 19:47:44', '2012-01-03 18:47:44'),
(42, 'fx', '{"currentGameType":"Standard","playerName":"fx","boardSize":{"x":12,"y":16},"oneClickMode":false,"enableAudio":false,"boardBackground":"","theme":"metro","boardType":"bools"}', '2012-01-05 00:20:14', '2012-01-04 23:20:14'),
(43, 'dioda', '{"currentGameType":"Standard","playerName":"dioda","boardSize":{"x":12,"y":16},"oneClickMode":false,"enableAudio":false,"boardBackground":"","theme":"metro","boardType":"bools"}', '2012-01-11 17:19:56', '2012-01-11 16:19:56'),
(44, 'and', '{"currentGameType":"Standard","playerName":"and","boardSize":{"x":12,"y":16},"oneClickMode":false,"enableAudio":false,"boardBackground":"","theme":"metro","boardType":"bools"}', '2012-01-12 21:44:28', '2012-01-12 20:44:28'),
(45, 'daro', '{"currentGameType":"Compressive","playerName":"daro","boardSize":{"x":12,"y":16},"oneClickMode":false,"enableAudio":false,"boardBackground":"","theme":"metro","boardType":"bools"}', '2012-01-13 20:53:42', '2012-01-13 20:24:32'),
(46, 'Kaxa', '{"currentGameType":"Standard","playerName":"Kaxa","boardSize":{"x":12,"y":16},"oneClickMode":false,"enableAudio":false,"boardBackground":"","theme":"metro","boardType":"bools"}', '2012-01-16 23:01:14', '2012-01-16 22:01:14'),
(47, 'aaaaaa', '{"currentGameType":"Compressive","playerName":"aaaaaa","boardSize":{"x":12,"y":16},"oneClickMode":false,"enableAudio":false,"boardBackground":"","theme":"metro","boardType":"bools"}', '2012-01-18 13:31:57', '2012-01-18 12:31:57'),
(48, 'beay', '{"currentGameType":"Standard","playerName":"beay","boardSize":{"x":12,"y":16},"oneClickMode":false,"enableAudio":false,"boardBackground":"","theme":"metro","boardType":"squares"}', '2012-01-21 10:58:57', '2012-01-21 09:58:57'),
(49, 'marb', '{"currentGameType":"Standard","playerName":"marb","boardSize":{"x":12,"y":16},"oneClickMode":false,"enableAudio":false,"boardBackground":"","theme":"metro","boardType":"bools"}', '2012-01-21 16:05:18', '2012-01-21 15:20:16'),
(50, 'MAX', '{"currentGameType":"Standard","playerName":"MAX","boardSize":{"x":12,"y":16},"oneClickMode":false,"enableAudio":false,"boardBackground":"","theme":"metro","boardType":"bools"}', '2012-01-21 17:50:04', '2012-01-21 16:52:07'),
(51, 'ankasz', '{"currentGameType":"Standard","playerName":"ankasz","boardSize":{"x":12,"y":16},"oneClickMode":false,"enableAudio":false,"boardBackground":"","theme":"metro","boardType":"bools"}', '2012-01-21 18:31:54', '2012-01-21 17:31:54'),
(52, 'ja', '{"currentGameType":"Standard","playerName":"ja","boardSize":{"x":12,"y":16},"oneClickMode":false,"enableAudio":false,"boardBackground":"","theme":"metro","boardType":"bools"}', '2012-01-21 22:13:18', '2012-01-21 21:13:18'),
(53, 'jm', '{"currentGameType":"Standard","playerName":"jm","boardSize":{"x":12,"y":16},"oneClickMode":false,"enableAudio":false,"boardBackground":"","theme":"metro","boardType":"bools"}', '2012-01-21 22:39:54', '2012-01-21 21:39:54'),
(54, 'tytus', '{"currentGameType":"Standard","playerName":"tytus","boardSize":{"x":12,"y":16},"oneClickMode":true,"enableAudio":false,"boardBackground":"","theme":"metro","boardType":"bools"}', '2012-01-21 23:55:10', '2012-01-21 22:57:50'),
(55, 'bezpal', '{"currentGameType":"Compressive","playerName":"bezpal","boardSize":{"x":12,"y":16},"oneClickMode":false,"enableAudio":false,"boardBackground":"","theme":"metro","boardType":"bools"}', '2012-01-22 00:01:19', '2012-01-21 23:01:19'),
(56, 'aaa', '{"currentGameType":"Standard","playerName":"aaa","boardSize":{"x":12,"y":16},"oneClickMode":false,"enableAudio":false,"boardBackground":"","theme":"metro","boardType":"bools"}', '2012-01-24 12:49:54', '2012-01-24 11:49:54'),
(57, 'Alex_Yagami', '{"currentGameType":"Standard","playerName":"Alex_Yagami","boardSize":{"x":12,"y":16},"oneClickMode":false,"enableAudio":false,"boardBackground":"","theme":"metro","boardType":"bools"}', '2012-01-28 01:47:30', '2012-01-28 00:47:30'),
(58, 'max', '{"currentGameType":"Standard","playerName":"max","boardSize":{"x":12,"y":16},"oneClickMode":false,"enableAudio":false,"boardBackground":"","theme":"metro","boardType":"bools"}', '2012-02-05 18:50:46', '2012-02-05 17:50:46'),
(59, 'yyy', '{"currentGameType":"Standard","playerName":"yyy","boardSize":{"x":12,"y":16},"oneClickMode":false,"enableAudio":false,"boardBackground":"","theme":"metro","boardType":"bools"}', '2012-02-17 15:08:39', '2012-02-17 14:08:39'),
(60, 'sebA', '{"currentGameType":"Standard","playerName":"sebA","boardSize":{"x":12,"y":16},"oneClickMode":false,"enableAudio":false,"boardBackground":"","theme":"metro","boardType":"bools"}', '2012-02-18 10:00:55', '2012-02-18 09:00:55'),
(61, 'jurma', '{"currentGameType":"Compressive","playerName":"jurma","boardSize":{"x":12,"y":16},"oneClickMode":false,"enableAudio":false,"boardBackground":"","theme":"metro","boardType":"bools"}', '2012-02-22 22:00:15', '2012-02-22 21:00:15'),
(62, 'Jarek', '{"currentGameType":"Standard","playerName":"Jarek","boardSize":{"x":12,"y":16},"oneClickMode":false,"enableAudio":false,"boardBackground":"","theme":"metro","boardType":"bools"}', '2012-02-26 23:56:43', '2012-02-26 22:56:43'),
(63, 'skw', '{"currentGameType":"Standard","playerName":"skw","boardSize":{"x":12,"y":16},"oneClickMode":false,"enableAudio":false,"boardBackground":"","theme":"metro","boardType":"bools"}', '2012-02-27 19:49:54', '2012-02-27 19:34:04'),
(64, 'Basia', '{"currentGameType":"Add balls","playerName":"Basia","boardSize":{"x":12,"y":16},"oneClickMode":false,"enableAudio":false,"boardBackground":"","theme":"metro","boardType":"bools"}', '2012-02-28 15:18:18', '2012-02-28 14:25:26'),
(65, 'cvn', '{"currentGameType":"Standard","playerName":"cvn","boardSize":{"x":12,"y":16},"oneClickMode":false,"enableAudio":false,"boardBackground":"","theme":"metro","boardType":"bools"}', '2012-02-28 15:30:07', '2012-02-28 14:30:07'),
(66, 'gg', '{"currentGameType":"Standard","playerName":"gg","boardSize":{"x":12,"y":16},"oneClickMode":false,"enableAudio":false,"boardBackground":"","theme":"metro","boardType":"bools"}', '2012-02-28 21:55:52', '2012-02-28 20:55:52'),
(67, 'eee', '{"currentGameType":"Standard","playerName":"eee","boardSize":{"x":12,"y":16},"oneClickMode":false,"enableAudio":false,"boardBackground":"","theme":"metro","boardType":"bools"}', '2012-02-29 13:45:34', '2012-02-29 12:45:34'),
(68, 'Marta', '{"currentGameType":"Standard","playerName":"Marta","boardSize":{"x":12,"y":16},"oneClickMode":false,"enableAudio":false,"boardBackground":"","theme":"metro","boardType":"bools"}', '2012-03-01 23:48:56', '2012-03-01 22:48:56'),
(69, 'mmm', '{"currentGameType":"Standard","playerName":"mmm","boardSize":{"x":12,"y":16},"oneClickMode":false,"enableAudio":false,"boardBackground":"","theme":"metro","boardType":"bools"}', '2012-03-02 20:00:23', '2012-03-02 19:00:23'),
(70, 'nielubiefacebooka', '{"currentGameType":"Standard","playerName":"nielubiefacebooka","boardSize":{"x":12,"y":16},"oneClickMode":false,"enableAudio":false,"boardBackground":"","theme":"metro","boardType":"bools"}', '2012-03-07 21:42:22', '2012-03-07 20:42:22'),
(71, 'Bea', '{"currentGameType":"Add balls","playerName":"Bea","boardSize":{"x":12,"y":16},"oneClickMode":false,"enableAudio":false,"boardBackground":"","theme":"metro","boardType":"bools"}', '2012-03-11 16:25:10', '2012-03-11 15:25:10'),
(72, 'smq', '{"currentGameType":"Compressive","playerName":"smq","boardSize":{"x":10,"y":15},"oneClickMode":false,"enableAudio":false,"boardBackground":"","theme":"metro","boardType":"bools"}', '2012-03-13 04:19:41', '2012-04-18 22:45:52'),
(73, 'xx', '{"currentGameType":"Standard","playerName":"xx","boardSize":{"x":12,"y":16},"oneClickMode":false,"enableAudio":false,"boardBackground":"","theme":"metro","boardType":"bools"}', '2012-03-25 09:51:24', '2012-03-25 07:51:24'),
(74, 'domi', '{"currentGameType":"Compressive","playerName":"domi","boardSize":{"x":12,"y":16},"oneClickMode":false,"enableAudio":false,"boardBackground":"","theme":"metro","boardType":"squares"}', '2012-03-25 09:55:48', '2012-03-25 07:55:48'),
(75, 'jabuk', '{"currentGameType":"Standard","playerName":"jabuk","boardSize":{"x":12,"y":16},"oneClickMode":false,"enableAudio":false,"boardBackground":"","theme":"metro","boardType":"squares"}', '2012-03-25 10:27:01', '2012-03-25 08:27:01'),
(76, 'dora', '{"currentGameType":"Add balls and compress","playerName":"dora","boardSize":{"x":12,"y":16},"oneClickMode":false,"enableAudio":false,"boardBackground":"","theme":"metro","boardType":"squares"}', '2012-03-25 22:56:04', '2012-03-25 21:06:02'),
(77, 'Gosia', '{"currentGameType":"Standard","playerName":"Gosia","boardSize":{"x":12,"y":16},"oneClickMode":false,"enableAudio":false,"boardBackground":"","theme":"metro","boardType":"bools"}', '2012-03-26 07:28:42', '2012-03-26 05:28:42'),
(78, 'vvvvv', '{"currentGameType":"Standard","playerName":"vvvvv","boardSize":{"x":12,"y":16},"oneClickMode":false,"enableAudio":false,"boardBackground":"","theme":"metro","boardType":"bools"}', '2012-04-03 19:39:20', '2012-04-03 17:39:20'),
(79, 'jbtydujhybjgyutyu', '{"currentGameType":"Standard","playerName":"jbtydujhybjgyutyu","boardSize":{"x":12,"y":16},"oneClickMode":false,"enableAudio":false,"boardBackground":"","theme":"metro","boardType":"bools"}', '2012-04-04 22:23:19', '2012-04-04 20:23:19'),
(80, 'kate', '{"currentGameType":"Standard","playerName":"kate","boardSize":{"x":12,"y":16},"oneClickMode":false,"enableAudio":false,"boardBackground":"","theme":"metro","boardType":"bools"}', '2012-04-21 14:05:31', '2012-04-21 12:05:31'),
(81, 'adx', '{"currentGameType":"Standard","playerName":"adx","boardSize":{"x":12,"y":16},"oneClickMode":false,"enableAudio":false,"boardBackground":"","theme":"metro","boardType":"bools"}', '2012-05-07 07:08:32', '2012-05-07 05:08:32'),
(82, 'ikems', '{"currentGameType":"Standard","playerName":"ikems","boardSize":{"x":12,"y":16},"oneClickMode":false,"enableAudio":false,"boardBackground":"","theme":"metro","boardType":"bools"}', '2012-05-07 14:47:37', '2012-05-07 12:47:37'),
(83, 'kris', '{"currentGameType":"Standard","playerName":"kris","boardSize":{"x":12,"y":16},"oneClickMode":false,"enableAudio":false,"boardBackground":"","theme":"metro","boardType":"bools"}', '2012-05-11 15:16:17', '2012-05-11 13:16:17'),
(84, 'Jarek', '{"currentGameType":"Standard","playerName":"Jarek","boardSize":{"x":12,"y":16},"oneClickMode":false,"enableAudio":false,"boardBackground":"","theme":"metro","boardType":"bools"}', '2012-05-14 23:24:42', '2012-05-14 21:24:42'),
(85, 'ilona', '{"currentGameType":"Standard","playerName":"ilona","boardSize":{"x":12,"y":16},"oneClickMode":false,"enableAudio":false,"boardBackground":"","theme":"metro","boardType":"bools"}', '2012-05-18 22:52:47', '2012-05-18 20:52:47'),
(86, 'ilona', '{"currentGameType":"Add balls and compress","playerName":"ilona","boardSize":{"x":12,"y":16},"oneClickMode":false,"enableAudio":false,"boardBackground":"","theme":"metro","boardType":"bools"}', '2012-06-03 12:13:00', '2012-06-03 10:18:32'),
(87, 'gosiak', '{"currentGameType":"Standard","playerName":"gosiak","boardSize":{"x":12,"y":16},"oneClickMode":false,"enableAudio":false,"boardBackground":"","theme":"metro","boardType":"bools"}', '2012-06-10 17:06:39', '2012-06-10 15:06:39'),
(88, 'zbylut', '{"currentGameType":"Standard","playerName":"zbylut","boardSize":{"x":12,"y":16},"oneClickMode":false,"enableAudio":false,"boardBackground":"","theme":"metro","boardType":"bools"}', '2012-06-10 21:14:19', '2012-06-10 19:14:19'),
(89, 'Robas', '{"currentGameType":"Standard","playerName":"Robas","boardSize":{"x":12,"y":16},"oneClickMode":false,"enableAudio":false,"boardBackground":"","theme":"metro","boardType":"bools"}', '2012-06-16 18:30:08', '2012-06-16 16:30:08'),
(90, 'ilonab2', '{"currentGameType":"Compressive","playerName":"ilonab2","boardSize":{"x":12,"y":16},"oneClickMode":false,"enableAudio":false,"boardBackground":"","theme":"metro","boardType":"bools"}', '2012-07-16 22:03:19', '2012-07-16 20:03:19'),
(91, 'ego', '{"currentGameType":"Standard","playerName":"ego","boardSize":{"x":12,"y":16},"oneClickMode":false,"enableAudio":false,"boardBackground":"","theme":"metro","boardType":"bools"}', '2012-07-20 07:57:04', '2012-07-20 05:57:04'),
(92, 'anka', '{"currentGameType":"Standard","playerName":"anka","boardSize":{"x":12,"y":16},"oneClickMode":false,"enableAudio":false,"boardBackground":"","theme":"metro","boardType":"bools"}', '2012-07-25 07:54:48', '2012-07-25 05:54:48'),
(93, 'Ridho', '{"currentGameType":"Standard","playerName":"Ridho","boardSize":{"x":12,"y":16},"oneClickMode":false,"enableAudio":false,"boardBackground":"","theme":"metro","boardType":"bools"}', '2012-07-28 14:00:21', '2012-07-28 12:00:21'),
(94, 'lolo', '{"currentGameType":"Standard","playerName":"lolo","boardSize":{"x":12,"y":16},"oneClickMode":false,"enableAudio":false,"boardBackground":"","theme":"metro","boardType":"bools"}', '2012-07-29 17:02:52', '2012-07-29 15:02:52'),
(95, 'anita  haczyn', '{"currentGameType":"Compressive","playerName":"anita  haczyn","boardSize":{"x":12,"y":16},"oneClickMode":false,"enableAudio":false,"boardBackground":"","theme":"metro","boardType":"bools"}', '2012-07-30 16:16:03', '2012-07-30 14:16:03'),
(96, 'Ewa', '{"currentGameType":"Standard","playerName":"Ewa","boardSize":{"x":12,"y":16},"oneClickMode":false,"enableAudio":false,"boardBackground":"","theme":"metro","boardType":"bools"}', '2012-08-07 15:16:39', '2012-08-07 13:16:39'),
(97, 'Magda', '{"currentGameType":"Standard","playerName":"Magda","boardSize":{"x":12,"y":16},"oneClickMode":false,"enableAudio":false,"boardBackground":"","theme":"metro","boardType":"bools"}', '2012-08-08 11:29:22', '2012-08-08 09:29:22'),
(98, 'wtf', '{"currentGameType":"Standard","playerName":"wtf","boardSize":{"x":12,"y":16},"oneClickMode":false,"enableAudio":false,"boardBackground":"","theme":"metro","boardType":"bools"}', '2012-08-17 15:29:11', '2012-08-17 13:29:11'),
(99, 'to', '{"currentGameType":"Standard","playerName":"to","boardSize":{"x":12,"y":16},"oneClickMode":false,"enableAudio":false,"boardBackground":"","theme":"metro","boardType":"bools"}', '2012-08-20 18:38:37', '2012-08-20 16:38:37'),
(100, 'elka', '{"currentGameType":"Compressive","playerName":"elka","boardSize":{"x":12,"y":16},"oneClickMode":false,"enableAudio":false,"boardBackground":"","theme":"metro","boardType":"bools"}', '2012-09-02 15:01:32', '2012-09-02 13:01:32'),
(101, 'atr', '{"currentGameType":"Standard","playerName":"atr","boardSize":{"x":12,"y":16},"oneClickMode":false,"enableAudio":false,"boardBackground":"","theme":"metro","boardType":"bools"}', '2012-09-16 20:50:27', '2012-09-16 18:50:27'),
(102, 'tirso', '{"currentGameType":"Add balls and compress","playerName":"tirso","boardSize":{"x":12,"y":16},"oneClickMode":false,"enableAudio":false,"boardBackground":"","theme":"metro","boardType":"bools"}', '2012-09-25 17:05:50', '2012-09-25 15:15:20'),
(103, 'Nerw', '{"currentGameType":"Standard","playerName":"Nerw","boardSize":{"x":12,"y":16},"oneClickMode":false,"enableAudio":false,"boardBackground":"","theme":"metro","boardType":"bools"}', '2012-09-28 16:57:17', '2012-09-28 14:57:17'),
(104, 'Maja', '{"currentGameType":"Standard","playerName":"Maja","boardSize":{"x":12,"y":16},"oneClickMode":false,"enableAudio":false,"boardBackground":"","theme":"metro","boardType":"bools"}', '2012-09-28 16:58:37', '2012-09-28 14:58:37'),
(105, 'cd', '{"currentGameType":"Standard","playerName":"cd","boardSize":{"x":12,"y":16},"oneClickMode":false,"enableAudio":false,"boardBackground":"","theme":"metro","boardType":"bools"}', '2012-09-30 18:29:09', '2012-09-30 16:29:09'),
(106, 'Pioter', '{"currentGameType":"Standard","playerName":"Pioter","boardSize":{"x":12,"y":16},"oneClickMode":false,"enableAudio":false,"boardBackground":"","theme":"metro","boardType":"bools"}', '2012-10-03 11:19:21', '2012-10-03 09:19:21'),
(107, 'Robert', '{"currentGameType":"Add balls and compress","playerName":"Robert","boardSize":{"x":10,"y":15},"oneClickMode":false,"enableAudio":false,"boardBackground":"","theme":"metro","boardType":"squares"}', '2012-12-09 14:03:20', '2012-12-09 13:03:20'),
(108, 'haha', '{"currentGameType":"Add balls","playerName":"haha","boardSize":{"x":12,"y":16},"oneClickMode":false,"enableAudio":false,"boardBackground":"","theme":"metro","boardType":"bools"}', '2012-12-10 17:00:38', '2012-12-10 16:11:00'),
(109, 'njbb', '{"currentGameType":"Add balls and compress","playerName":"njbb","boardSize":{"x":12,"y":16},"oneClickMode":false,"enableAudio":false,"boardBackground":"","theme":"metro","boardType":"bools"}', '2012-12-15 18:00:07', '2012-12-15 17:00:07'),
(110, 'uriu', '{"currentGameType":"Standard","playerName":"uriu","boardSize":{"x":12,"y":16},"oneClickMode":false,"enableAudio":false,"boardBackground":"","theme":"metro","boardType":"bools"}', '2012-12-24 17:05:07', '2012-12-24 16:05:07'),
(111, '9rt', '{"currentGameType":"Compressive","playerName":"9rt","boardSize":{"x":12,"y":16},"oneClickMode":false,"enableAudio":false,"boardBackground":"","theme":"metro","boardType":"squares"}', '2012-12-29 18:16:39', '2012-12-29 17:22:06'),
(112, 'justyna', '{"currentGameType":"Standard","playerName":"justyna","boardSize":{"x":12,"y":16},"oneClickMode":false,"enableAudio":false,"boardBackground":"","theme":"metro","boardType":"bools"}', '2013-01-05 17:17:19', '2013-01-05 16:17:19'),
(113, 'fsdfsd', '{"currentGameType":"Standard","playerName":"fsdfsd","boardSize":{"x":12,"y":16},"oneClickMode":false,"enableAudio":false,"boardBackground":"","theme":"metro","boardType":"bools"}', '2013-01-09 02:17:19', '2013-01-09 01:17:19'),
(114, 'ja', '{"currentGameType":"Compressive","playerName":"ja","boardSize":{"x":10,"y":15},"oneClickMode":false,"enableAudio":false,"boardBackground":"","theme":"metro","boardType":"squares"}', '2013-01-13 19:36:06', '2013-01-13 18:39:21'),
(115, 'jerry', '{"currentGameType":"Standard","playerName":"jerry","boardSize":{"x":12,"y":16},"oneClickMode":false,"enableAudio":false,"boardBackground":"","theme":"metro","boardType":"bools"}', '2013-01-19 20:33:44', '2013-01-19 19:33:44'),
(116, 'kk', '{"currentGameType":"Compressive","playerName":"kk","boardSize":{"x":12,"y":16},"oneClickMode":false,"enableAudio":false,"boardBackground":"","theme":"metro","boardType":"bools"}', '2013-01-25 10:53:02', '2013-01-25 09:53:02'),
(117, 'tuja mmmmm', '{"currentGameType":"Compressive","playerName":"tuja mmmmm","boardSize":{"x":12,"y":16},"oneClickMode":false,"enableAudio":false,"boardBackground":"","theme":"metro","boardType":"bools"}', '2013-02-11 17:01:44', '2013-02-11 16:01:44'),
(118, 'valdec', '{"currentGameType":"Standard","playerName":"valdec","boardSize":{"x":12,"y":16},"oneClickMode":false,"enableAudio":false,"boardBackground":"","theme":"metro","boardType":"bools"}', '2013-02-16 02:21:43', '2013-02-16 01:21:43'),
(119, 'jjjkjjk', '{"currentGameType":"Standard","playerName":"jjjkjjk","boardSize":{"x":12,"y":16},"oneClickMode":true,"enableAudio":false,"boardBackground":"","theme":"metro","boardType":"squares"}', '2013-02-16 21:55:34', '2013-02-16 20:55:34'),
(120, 'TELMA', '{"currentGameType":"Standard","playerName":"TELMA","boardSize":{"x":12,"y":16},"oneClickMode":false,"enableAudio":false,"boardBackground":"","theme":"metro","boardType":"bools"}', '2013-02-19 19:28:06', '2013-02-19 18:28:06'),
(121, 'aaa', '{"currentGameType":"Add balls and compress","playerName":"aaa","boardSize":{"x":12,"y":16},"oneClickMode":false,"enableAudio":false,"boardBackground":"","theme":"metro","boardType":"bools"}', '2013-02-21 18:07:35', '2013-02-21 17:07:35'),
(122, ' ggggg', '{"currentGameType":"Standard","playerName":" ggggg","boardSize":{"x":12,"y":16},"oneClickMode":false,"enableAudio":false,"boardBackground":"","theme":"metro","boardType":"bools"}', '2013-03-17 21:37:26', '2013-03-17 20:37:26'),
(123, 'toja', '{"currentGameType":"Standard","playerName":"toja","boardSize":{"x":12,"y":16},"oneClickMode":false,"enableAudio":false,"boardBackground":"","theme":"metro","boardType":"squares"}', '2013-04-21 21:01:15', '2013-04-21 19:05:06'),
(124, 'koli', '{"currentGameType":"Standard","playerName":"koli","boardSize":{"x":12,"y":16},"oneClickMode":false,"enableAudio":false,"boardBackground":"","theme":"metro","boardType":"bools"}', '2013-05-02 10:38:26', '2013-05-02 08:38:26'),
(125, 'milka', '{"currentGameType":"Standard","playerName":"milka","boardSize":{"x":12,"y":16},"oneClickMode":true,"enableAudio":false,"boardBackground":"","theme":"metro","boardType":"squares"}', '2013-05-03 18:42:35', '2013-05-03 16:42:35'),
(126, 'Avramejta', '{"currentGameType":"Standard","playerName":"Avramejta","boardSize":{"x":12,"y":16},"oneClickMode":false,"enableAudio":false,"boardBackground":"","theme":"metro","boardType":"bools"}', '2013-05-06 13:26:40', '2013-05-06 11:26:40'),
(127, 'pik', '{"currentGameType":"Standard","playerName":"pik","boardSize":{"x":12,"y":16},"oneClickMode":false,"enableAudio":false,"boardBackground":"","theme":"metro","boardType":"bools"}', '2013-05-11 16:50:22', '2013-05-11 14:50:22'),
(128, 'ujijjjjjjjj', '{"currentGameType":"Standard","playerName":"ujijjjjjjjj","boardSize":{"x":12,"y":16},"oneClickMode":false,"enableAudio":false,"boardBackground":"","theme":"metro","boardType":"bools"}', '2013-05-24 20:53:40', '2013-05-24 18:53:40'),
(129, 'aaaaa', '{"currentGameType":"Standard","playerName":"aaaaa","boardSize":{"x":12,"y":16},"oneClickMode":false,"enableAudio":false,"boardBackground":"","theme":"metro","boardType":"bools"}', '2013-06-10 20:33:59', '2013-06-10 18:33:59'),
(130, 'sdcsd', '{"currentGameType":"Standard","playerName":"sdcsd","boardSize":{"x":12,"y":16},"oneClickMode":false,"enableAudio":false,"boardBackground":"","theme":"metro","boardType":"bools"}', '2013-06-14 22:25:38', '2013-06-14 20:25:38'),
(131, 'ggg', '{"currentGameType":"Standard","playerName":"ggg","boardSize":{"x":10,"y":15},"oneClickMode":false,"enableAudio":false,"boardBackground":"","theme":"metro","boardType":"bools"}', '2013-06-20 09:49:00', '2013-06-20 07:50:25'),
(132, 'ILI', '{"currentGameType":"Standard","playerName":"ILI","boardSize":{"x":12,"y":16},"oneClickMode":false,"enableAudio":false,"boardBackground":"","theme":"metro","boardType":"bools"}', '2013-07-14 22:39:58', '2013-07-14 20:39:58'),
(133, 'czesia', '{"currentGameType":"Standard","playerName":"czesia","boardSize":{"x":12,"y":16},"oneClickMode":false,"enableAudio":false,"boardBackground":"","theme":"metro","boardType":"bools"}', '2013-07-19 23:16:45', '2013-07-19 21:16:45'),
(134, 'Ania', '{"currentGameType":"Standard","playerName":"Ania","boardSize":{"x":12,"y":16},"oneClickMode":false,"enableAudio":false,"boardBackground":"","theme":"metro","boardType":"bools"}', '2013-08-05 23:04:17', '2013-08-05 21:04:17'),
(135, 'Game creator', '{"currentGameType":"Add balls and compress","playerName":"Game creator","boardSize":{"x":12,"y":16},"oneClickMode":false,"enableAudio":false,"boardBackground":"","theme":"metro","boardType":"bools"}', '2013-08-09 00:07:19', '2013-08-08 22:13:14'),
(136, '123', '{"currentGameType":"Standard","playerName":"123","boardSize":{"x":12,"y":16},"oneClickMode":false,"enableAudio":false,"boardBackground":"","theme":"metro","boardType":"bools"}', '2013-09-17 16:20:14', '2013-09-17 14:20:14'),
(137, 'jozek', '{"currentGameType":"Standard","playerName":"jozek","boardSize":{"x":12,"y":16},"oneClickMode":false,"enableAudio":false,"boardBackground":"","theme":"metro","boardType":"bools"}', '2013-10-12 22:22:03', '2013-10-12 20:22:03'),
(138, 'jan', '{"currentGameType":"Standard","playerName":"jan","boardSize":{"x":12,"y":16},"oneClickMode":false,"enableAudio":false,"boardBackground":"","theme":"metro","boardType":"bools"}', '2013-10-20 12:05:16', '2013-10-20 10:05:16');

--
-- Wyzwalacze `gamer`
--
DROP TRIGGER IF EXISTS `set_gamer_add_date`;
DELIMITER //
CREATE TRIGGER `set_gamer_add_date` BEFORE INSERT ON `gamer`
 FOR EACH ROW BEGIN
   set NEW.add_date = NOW();
END
//
DELIMITER ;

-- --------------------------------------------------------

--
-- Struktura tabeli dla tabeli `stats`
--

CREATE TABLE IF NOT EXISTS `stats` (
  `id` int(10) unsigned NOT NULL AUTO_INCREMENT,
  `fk_gamer` int(10) unsigned NOT NULL,
  `fk_game` tinyint(3) unsigned NOT NULL,
  `games_no` mediumint(8) unsigned NOT NULL DEFAULT '0',
  `max` int(10) unsigned NOT NULL DEFAULT '0',
  `avg` int(10) unsigned NOT NULL DEFAULT '0',
  `last_update_date` timestamp NOT NULL DEFAULT CURRENT_TIMESTAMP ON UPDATE CURRENT_TIMESTAMP,
  PRIMARY KEY (`id`),
  UNIQUE KEY `UQ_GAME_GAMER` (`fk_game`,`fk_gamer`),
  KEY `FK_stats_gamer` (`fk_gamer`)
) ENGINE=InnoDB  DEFAULT CHARSET=utf8 COMMENT='Tabela na wyniki poszczegĂłlnych gier\r\n' AUTO_INCREMENT=4543 ;

--
-- Zrzut danych tabeli `stats`
--

INSERT INTO `stats` (`id`, `fk_gamer`, `fk_game`, `games_no`, `max`, `avg`, `last_update_date`) VALUES
(1431, 18, 1, 1, 1115, 1115, '2011-11-09 15:56:27'),
(1432, 18, 2, 0, 0, 0, '2011-11-09 15:56:27'),
(1433, 18, 3, 0, 0, 0, '2011-11-09 15:56:27'),
(1434, 18, 4, 0, 0, 0, '2011-11-09 15:56:27'),
(1439, 19, 1, 1, 2534, 2534, '2011-11-10 09:13:10'),
(1440, 19, 2, 0, 0, 0, '2011-11-10 09:13:10'),
(1441, 19, 3, 0, 0, 0, '2011-11-10 09:13:10'),
(1442, 19, 4, 0, 0, 0, '2011-11-10 09:13:10'),
(1443, 20, 1, 0, 0, 0, '2011-11-10 09:17:29'),
(1444, 20, 2, 0, 0, 0, '2011-11-10 09:17:29'),
(1445, 20, 3, 0, 0, 0, '2011-11-10 09:17:29'),
(1446, 20, 4, 1, 3790, 3790, '2011-11-10 09:17:29'),
(1447, 21, 1, 1, 1189, 1189, '2011-11-10 09:24:56'),
(1448, 21, 2, 0, 0, 0, '2011-11-10 09:24:56'),
(1449, 21, 3, 0, 0, 0, '2011-11-10 09:24:56'),
(1450, 21, 4, 0, 0, 0, '2011-11-10 09:24:56'),
(1455, 22, 1, 2, 2155, 2061, '2011-11-10 09:39:29'),
(1456, 22, 2, 0, 0, 0, '2011-11-10 09:39:29'),
(1457, 22, 3, 0, 0, 0, '2011-11-10 09:39:29'),
(1458, 22, 4, 0, 0, 0, '2011-11-10 09:39:29'),
(1463, 23, 1, 2, 2030, 1631, '2011-11-10 10:58:49'),
(1464, 23, 2, 0, 0, 0, '2011-11-10 10:58:49'),
(1465, 23, 3, 0, 0, 0, '2011-11-10 10:58:49'),
(1466, 23, 4, 0, 0, 0, '2011-11-10 10:58:49'),
(1467, 24, 1, 1, 1699, 1699, '2011-11-10 11:54:27'),
(1468, 24, 2, 0, 0, 0, '2011-11-10 11:54:27'),
(1469, 24, 3, 0, 0, 0, '2011-11-10 11:54:27'),
(1470, 24, 4, 0, 0, 0, '2011-11-10 11:54:27'),
(1471, 25, 1, 0, 0, 0, '2011-11-10 12:49:46'),
(1472, 25, 2, 0, 0, 0, '2011-11-10 12:49:46'),
(1473, 25, 3, 1, 1695, 1695, '2011-11-10 12:49:46'),
(1474, 25, 4, 0, 0, 0, '2011-11-10 12:49:46'),
(1475, 26, 1, 2, 0, 0, '2011-11-10 13:06:32'),
(1476, 26, 2, 0, 0, 0, '2011-11-10 13:06:32'),
(1477, 26, 3, 0, 0, 0, '2011-11-10 13:06:32'),
(1478, 26, 4, 0, 0, 0, '2011-11-10 13:06:32'),
(1479, 27, 1, 1, 1769, 1769, '2011-11-10 15:24:16'),
(1480, 27, 2, 0, 0, 0, '2011-11-10 15:24:16'),
(1481, 27, 3, 0, 0, 0, '2011-11-10 15:24:16'),
(1482, 27, 4, 0, 0, 0, '2011-11-10 15:24:16'),
(1491, 28, 1, 3, 1559, 1205, '2011-11-12 21:56:43'),
(1492, 28, 2, 0, 0, 0, '2011-11-12 21:56:43'),
(1493, 28, 3, 0, 0, 0, '2011-11-12 21:56:43'),
(1494, 28, 4, 0, 0, 0, '2011-11-12 21:56:43'),
(1515, 29, 1, 0, 0, 0, '2011-11-13 12:15:11'),
(1516, 29, 2, 0, 0, 0, '2011-11-13 12:15:11'),
(1517, 29, 3, 0, 0, 0, '2011-11-13 12:15:11'),
(1518, 29, 4, 0, 0, 0, '2011-11-13 12:15:11'),
(1551, 30, 1, 4, 1260, 1176, '2011-11-16 21:16:20'),
(1552, 30, 2, 0, 0, 0, '2011-11-16 21:16:20'),
(1553, 30, 3, 3, 2197, 1910, '2011-11-16 21:16:20'),
(1554, 30, 4, 0, 0, 0, '2011-11-16 21:16:20'),
(1559, 17, 1, 2, 1436, 718, '2011-11-17 17:32:44'),
(1560, 17, 2, 0, 0, 0, '2011-11-17 17:32:44'),
(1561, 17, 3, 0, 0, 0, '2011-11-17 17:32:44'),
(1562, 17, 4, 0, 0, 0, '2011-11-17 17:32:44'),
(1567, 31, 1, 2, 1175, 1123, '2011-11-19 17:31:25'),
(1568, 31, 2, 0, 0, 0, '2011-11-19 17:31:25'),
(1569, 31, 3, 0, 0, 0, '2011-11-19 17:31:25'),
(1570, 31, 4, 0, 0, 0, '2011-11-19 17:31:25'),
(1599, 32, 1, 9, 2452, 1599, '2011-11-19 19:50:27'),
(1600, 32, 2, 0, 0, 0, '2011-11-19 19:50:27'),
(1601, 32, 3, 0, 0, 0, '2011-11-19 19:50:27'),
(1602, 32, 4, 0, 0, 0, '2011-11-19 19:50:27'),
(1615, 33, 1, 2, 1067, 534, '2011-11-28 13:29:17'),
(1616, 33, 2, 0, 0, 0, '2011-11-28 13:29:17'),
(1617, 33, 3, 0, 0, 0, '2011-11-28 13:29:17'),
(1618, 33, 4, 0, 0, 0, '2011-11-28 13:29:17'),
(1623, 16, 1, 6, 2062, 1416, '2011-11-30 18:00:23'),
(1624, 16, 2, 7, 4050, 1487, '2011-11-30 18:00:23'),
(1625, 16, 3, 2, 6207, 3484, '2011-11-30 18:00:23'),
(1626, 16, 4, 0, 0, 0, '2011-11-30 18:00:23'),
(1651, 34, 1, 7, 2657, 1222, '2011-12-07 10:56:15'),
(1652, 34, 2, 0, 0, 0, '2011-12-07 10:56:15'),
(1653, 34, 3, 0, 0, 0, '2011-12-07 10:56:15'),
(1654, 34, 4, 0, 0, 0, '2011-12-07 10:56:15'),
(1663, 35, 1, 3, 2007, 502, '2011-12-16 15:24:44'),
(1664, 35, 2, 0, 0, 0, '2011-12-16 15:24:44'),
(1665, 35, 3, 0, 0, 0, '2011-12-16 15:24:44'),
(1666, 35, 4, 0, 0, 0, '2011-12-16 15:24:44'),
(1679, 37, 1, 3, 1217, 893, '2011-12-22 17:23:09'),
(1680, 37, 2, 0, 0, 0, '2011-12-22 17:23:09'),
(1681, 37, 3, 0, 0, 0, '2011-12-22 17:23:09'),
(1682, 37, 4, 0, 0, 0, '2011-12-22 17:23:09'),
(1683, 38, 1, 1, 1141, 1141, '2011-12-27 18:22:54'),
(1684, 38, 2, 0, 0, 0, '2011-12-27 18:22:54'),
(1685, 38, 3, 0, 0, 0, '2011-12-27 18:22:54'),
(1686, 38, 4, 0, 0, 0, '2011-12-27 18:22:54'),
(1687, 39, 1, 1, 1560, 1560, '2011-12-28 03:56:56'),
(1688, 39, 2, 0, 0, 0, '2011-12-28 03:56:56'),
(1689, 39, 3, 0, 0, 0, '2011-12-28 03:56:56'),
(1690, 39, 4, 0, 0, 0, '2011-12-28 03:56:56'),
(1699, 40, 1, 3, 1287, 1139, '2011-12-28 18:39:42'),
(1700, 40, 2, 0, 0, 0, '2011-12-28 18:39:42'),
(1701, 40, 3, 0, 0, 0, '2011-12-28 18:39:42'),
(1702, 40, 4, 0, 0, 0, '2011-12-28 18:39:42'),
(1707, 41, 1, 2, 1534, 1339, '2012-01-03 18:49:18'),
(1708, 41, 2, 0, 0, 0, '2012-01-03 18:49:18'),
(1709, 41, 3, 0, 0, 0, '2012-01-03 18:49:18'),
(1710, 41, 4, 0, 0, 0, '2012-01-03 18:49:18'),
(1735, 42, 1, 7, 2727, 2014, '2012-01-04 23:27:16'),
(1736, 42, 2, 0, 0, 0, '2012-01-04 23:27:16'),
(1737, 42, 3, 0, 0, 0, '2012-01-04 23:27:16'),
(1738, 42, 4, 0, 0, 0, '2012-01-04 23:27:16'),
(1755, 43, 1, 5, 1511, 1196, '2012-01-11 16:24:24'),
(1756, 43, 2, 0, 0, 0, '2012-01-11 16:24:24'),
(1757, 43, 3, 0, 0, 0, '2012-01-11 16:24:24'),
(1758, 43, 4, 0, 0, 0, '2012-01-11 16:24:24'),
(1763, 44, 1, 2, 1167, 1080, '2012-01-12 20:46:08'),
(1764, 44, 2, 0, 0, 0, '2012-01-12 20:46:08'),
(1765, 44, 3, 0, 0, 0, '2012-01-12 20:46:08'),
(1766, 44, 4, 0, 0, 0, '2012-01-12 20:46:08'),
(1791, 45, 1, 0, 0, 0, '2012-01-13 20:27:37'),
(1792, 45, 2, 4, 1216, 594, '2012-01-13 20:27:37'),
(1793, 45, 3, 0, 0, 0, '2012-01-13 20:27:37'),
(1794, 45, 4, 3, 8804, 4173, '2012-01-13 20:27:37'),
(1835, 46, 1, 10, 1214, 318, '2012-01-16 22:14:01'),
(1836, 46, 2, 0, 0, 0, '2012-01-16 22:14:01'),
(1837, 46, 3, 0, 0, 0, '2012-01-16 22:14:01'),
(1838, 46, 4, 0, 0, 0, '2012-01-16 22:14:01'),
(1839, 47, 1, 0, 0, 0, '2012-01-18 12:31:57'),
(1840, 47, 2, 1, 2658, 2658, '2012-01-18 12:31:57'),
(1841, 47, 3, 0, 0, 0, '2012-01-18 12:31:57'),
(1842, 47, 4, 0, 0, 0, '2012-01-18 12:31:57'),
(1847, 48, 1, 3, 1408, 1244, '2012-01-21 09:59:36'),
(1848, 48, 2, 0, 0, 0, '2012-01-21 09:59:36'),
(1849, 48, 3, 0, 0, 0, '2012-01-21 09:59:36'),
(1850, 48, 4, 0, 0, 0, '2012-01-21 09:59:36'),
(1915, 49, 1, 8, 1135, 672, '2012-01-21 15:23:11'),
(1916, 49, 2, 5, 1247, 674, '2012-01-21 15:23:11'),
(1917, 49, 3, 2, 1501, 751, '2012-01-21 15:23:11'),
(1918, 49, 4, 2, 4524, 2262, '2012-01-21 15:23:11'),
(1935, 50, 1, 0, 0, 0, '2012-01-21 16:52:49'),
(1936, 50, 2, 0, 0, 0, '2012-01-21 16:52:49'),
(1937, 50, 3, 0, 0, 0, '2012-01-21 16:52:49'),
(1938, 50, 4, 0, 0, 0, '2012-01-21 16:52:49'),
(2323, 51, 1, 97, 1773, 1093, '2012-01-21 19:39:45'),
(2324, 51, 2, 0, 0, 0, '2012-01-21 19:39:45'),
(2325, 51, 3, 0, 0, 0, '2012-01-21 19:39:45'),
(2326, 51, 4, 0, 0, 0, '2012-01-21 19:39:45'),
(2327, 52, 1, 5, 1708, 1416, '2012-01-21 21:13:18'),
(2328, 52, 2, 0, 0, 0, '2012-01-21 21:13:18'),
(2329, 52, 3, 0, 0, 0, '2012-01-21 21:13:18'),
(2330, 52, 4, 0, 0, 0, '2012-01-21 21:13:18'),
(2335, 53, 1, 3, 1260, 1175, '2012-01-21 21:41:34'),
(2336, 53, 2, 0, 0, 0, '2012-01-21 21:41:34'),
(2337, 53, 3, 0, 0, 0, '2012-01-21 21:41:34'),
(2338, 53, 4, 0, 0, 0, '2012-01-21 21:41:34'),
(2359, 54, 1, 4, 2599, 1997, '2012-01-21 23:03:23'),
(2360, 54, 2, 0, 0, 0, '2012-01-21 23:03:23'),
(2361, 54, 3, 0, 0, 0, '2012-01-21 23:03:23'),
(2362, 54, 4, 0, 0, 0, '2012-01-21 23:03:23'),
(2391, 55, 1, 0, 0, 0, '2012-01-21 23:15:26'),
(2392, 55, 2, 10, 2536, 1374, '2012-01-21 23:15:26'),
(2393, 55, 3, 0, 0, 0, '2012-01-21 23:15:26'),
(2394, 55, 4, 0, 0, 0, '2012-01-21 23:15:26'),
(2399, 56, 1, 2, 1099, 550, '2012-01-24 11:52:02'),
(2400, 56, 2, 0, 0, 0, '2012-01-24 11:52:02'),
(2401, 56, 3, 0, 0, 0, '2012-01-24 11:52:02'),
(2402, 56, 4, 0, 0, 0, '2012-01-24 11:52:02'),
(2403, 57, 1, 1, 1149, 1149, '2012-01-28 00:47:30'),
(2404, 57, 2, 0, 0, 0, '2012-01-28 00:47:30'),
(2405, 57, 3, 0, 0, 0, '2012-01-28 00:47:30'),
(2406, 57, 4, 0, 0, 0, '2012-01-28 00:47:30'),
(2407, 58, 1, 1, 1084, 1084, '2012-02-05 17:50:46'),
(2408, 58, 2, 0, 0, 0, '2012-02-05 17:50:46'),
(2409, 58, 3, 0, 0, 0, '2012-02-05 17:50:46'),
(2410, 58, 4, 0, 0, 0, '2012-02-05 17:50:46'),
(2427, 59, 1, 5, 1349, 1079, '2012-02-17 14:14:56'),
(2428, 59, 2, 0, 0, 0, '2012-02-17 14:14:56'),
(2429, 59, 3, 0, 0, 0, '2012-02-17 14:14:56'),
(2430, 59, 4, 0, 0, 0, '2012-02-17 14:14:56'),
(2439, 60, 1, 4, 1220, 982, '2012-02-18 09:04:58'),
(2440, 60, 2, 0, 0, 0, '2012-02-18 09:04:58'),
(2441, 60, 3, 0, 0, 0, '2012-02-18 09:04:58'),
(2442, 60, 4, 0, 0, 0, '2012-02-18 09:04:58'),
(2467, 61, 1, 0, 0, 0, '2012-02-22 21:06:34'),
(2468, 61, 2, 7, 1847, 1647, '2012-02-22 21:06:34'),
(2469, 61, 3, 0, 0, 0, '2012-02-22 21:06:34'),
(2470, 61, 4, 0, 0, 0, '2012-02-22 21:06:34'),
(2547, 63, 1, 12, 4715, 1434, '2012-02-27 19:37:26'),
(2548, 63, 2, 1, 1432, 1432, '2012-02-27 19:37:26'),
(2549, 63, 3, 4, 4932, 3061, '2012-02-27 19:37:26'),
(2550, 63, 4, 3, 6985, 5232, '2012-02-27 19:37:26'),
(2575, 64, 1, 6, 1391, 1208, '2012-02-28 14:25:26'),
(2576, 64, 2, 0, 0, 0, '2012-02-28 14:25:26'),
(2577, 64, 3, 1, 1895, 1895, '2012-02-28 14:25:26'),
(2578, 64, 4, 0, 0, 0, '2012-02-28 14:25:26'),
(2595, 65, 1, 5, 2186, 1471, '2012-02-28 14:34:45'),
(2596, 65, 2, 0, 0, 0, '2012-02-28 14:34:45'),
(2597, 65, 3, 0, 0, 0, '2012-02-28 14:34:45'),
(2598, 65, 4, 0, 0, 0, '2012-02-28 14:34:45'),
(2599, 66, 1, 1, 980, 980, '2012-02-28 20:55:52'),
(2600, 66, 2, 0, 0, 0, '2012-02-28 20:55:52'),
(2601, 66, 3, 0, 0, 0, '2012-02-28 20:55:52'),
(2602, 66, 4, 0, 0, 0, '2012-02-28 20:55:52'),
(2615, 67, 1, 4, 1312, 585, '2012-02-29 12:47:42'),
(2616, 67, 2, 0, 0, 0, '2012-02-29 12:47:42'),
(2617, 67, 3, 0, 0, 0, '2012-02-29 12:47:42'),
(2618, 67, 4, 0, 0, 0, '2012-02-29 12:47:42'),
(2659, 68, 1, 12, 1422, 336, '2012-03-01 23:00:53'),
(2660, 68, 2, 0, 0, 0, '2012-03-01 23:00:53'),
(2661, 68, 3, 0, 0, 0, '2012-03-01 23:00:53'),
(2662, 68, 4, 0, 0, 0, '2012-03-01 23:00:53'),
(2687, 69, 1, 9, 1303, 1200, '2012-03-02 19:04:49'),
(2688, 69, 2, 0, 0, 0, '2012-03-02 19:04:49'),
(2689, 69, 3, 0, 0, 0, '2012-03-02 19:04:49'),
(2690, 69, 4, 0, 0, 0, '2012-03-02 19:04:49'),
(2695, 70, 1, 2, 1171, 586, '2012-03-07 20:43:53'),
(2696, 70, 2, 0, 0, 0, '2012-03-07 20:43:53'),
(2697, 70, 3, 0, 0, 0, '2012-03-07 20:43:53'),
(2698, 70, 4, 0, 0, 0, '2012-03-07 20:43:53'),
(2763, 62, 1, 3, 3159, 2231, '2012-03-16 23:28:28'),
(2764, 62, 2, 0, 0, 0, '2012-03-16 23:28:28'),
(2765, 62, 3, 0, 0, 0, '2012-03-16 23:28:28'),
(2766, 62, 4, 0, 0, 0, '2012-03-16 23:28:28'),
(2775, 73, 1, 2, 1043, 522, '2012-03-25 07:51:33'),
(2776, 73, 2, 0, 0, 0, '2012-03-25 07:51:33'),
(2777, 73, 3, 0, 0, 0, '2012-03-25 07:51:33'),
(2778, 73, 4, 0, 0, 0, '2012-03-25 07:51:33'),
(2779, 74, 1, 0, 0, 0, '2012-03-25 07:55:48'),
(2780, 74, 2, 2, 1302, 651, '2012-03-25 07:55:48'),
(2781, 74, 3, 0, 0, 0, '2012-03-25 07:55:48'),
(2782, 74, 4, 0, 0, 0, '2012-03-25 07:55:48'),
(2783, 75, 1, 1, 0, 0, '2012-03-25 08:27:01'),
(2784, 75, 2, 0, 0, 0, '2012-03-25 08:27:01'),
(2785, 75, 3, 0, 0, 0, '2012-03-25 08:27:01'),
(2786, 75, 4, 0, 0, 0, '2012-03-25 08:27:01'),
(2847, 76, 1, 0, 0, 0, '2012-03-25 21:06:02'),
(2848, 76, 2, 11, 1373, 613, '2012-03-25 21:06:02'),
(2849, 76, 3, 0, 0, 0, '2012-03-25 21:06:02'),
(2850, 76, 4, 1, 2538, 2538, '2012-03-25 21:06:02'),
(2863, 36, 1, 0, 0, 0, '2012-03-29 17:38:20'),
(2864, 36, 2, 0, 0, 0, '2012-03-29 17:38:20'),
(2865, 36, 3, 0, 0, 0, '2012-03-29 17:38:20'),
(2866, 36, 4, 3, 5693, 3583, '2012-03-29 17:38:20'),
(2875, 78, 1, 3, 1264, 1139, '2012-04-03 17:41:31'),
(2876, 78, 2, 0, 0, 0, '2012-04-03 17:41:31'),
(2877, 78, 3, 0, 0, 0, '2012-04-03 17:41:31'),
(2878, 78, 4, 0, 0, 0, '2012-04-03 17:41:31'),
(2891, 79, 1, 4, 1935, 1589, '2012-04-04 20:26:40'),
(2892, 79, 2, 0, 0, 0, '2012-04-04 20:26:40'),
(2893, 79, 3, 0, 0, 0, '2012-04-04 20:26:40'),
(2894, 79, 4, 0, 0, 0, '2012-04-04 20:26:40'),
(2915, 80, 1, 4, 1708, 1215, '2012-04-21 12:09:38'),
(2916, 80, 2, 0, 0, 0, '2012-04-21 12:09:38'),
(2917, 80, 3, 0, 0, 0, '2012-04-21 12:09:38'),
(2918, 80, 4, 0, 0, 0, '2012-04-21 12:09:38'),
(2919, 72, 1, 0, 0, 0, '2012-05-07 04:21:55'),
(2920, 72, 2, 2, 988, 494, '2012-05-07 04:21:55'),
(2921, 72, 3, 0, 0, 0, '2012-05-07 04:21:55'),
(2922, 72, 4, 0, 0, 0, '2012-05-07 04:21:55'),
(2923, 71, 1, 0, 0, 0, '2012-05-07 04:43:02'),
(2924, 71, 2, 0, 0, 0, '2012-05-07 04:43:02'),
(2925, 71, 3, 7, 3663, 2326, '2012-05-07 04:43:02'),
(2926, 71, 4, 0, 0, 0, '2012-05-07 04:43:02'),
(2931, 82, 1, 1, 6, 6, '2012-05-07 12:47:41'),
(2932, 82, 2, 0, 0, 0, '2012-05-07 12:47:41'),
(2933, 82, 3, 0, 0, 0, '2012-05-07 12:47:41'),
(2934, 82, 4, 0, 0, 0, '2012-05-07 12:47:41'),
(2955, 83, 1, 21, 6336, 1106, '2012-05-11 13:24:36'),
(2956, 83, 2, 1, 596, 596, '2012-05-11 13:24:36'),
(2957, 83, 3, 0, 0, 0, '2012-05-11 13:24:36'),
(2958, 83, 4, 0, 0, 0, '2012-05-11 13:24:36'),
(2983, 85, 1, 4, 1730, 1319, '2012-05-18 21:13:28'),
(2984, 85, 2, 0, 0, 0, '2012-05-18 21:13:28'),
(2985, 85, 3, 0, 0, 0, '2012-05-18 21:13:28'),
(2986, 85, 4, 0, 0, 0, '2012-05-18 21:13:28'),
(2991, 86, 1, 1, 1624, 1624, '2012-06-03 10:18:32'),
(2992, 86, 2, 0, 0, 0, '2012-06-03 10:18:32'),
(2993, 86, 3, 0, 0, 0, '2012-06-03 10:18:32'),
(2994, 86, 4, 1, 2867, 2867, '2012-06-03 10:18:33'),
(3019, 87, 1, 6, 1223, 594, '2012-06-10 15:09:28'),
(3020, 87, 2, 0, 0, 0, '2012-06-10 15:09:28'),
(3021, 87, 3, 0, 0, 0, '2012-06-10 15:09:28'),
(3022, 87, 4, 0, 0, 0, '2012-06-10 15:09:28'),
(3023, 88, 1, 1, 1250, 1250, '2012-06-10 19:14:19'),
(3024, 88, 2, 0, 0, 0, '2012-06-10 19:14:19'),
(3025, 88, 3, 0, 0, 0, '2012-06-10 19:14:19'),
(3026, 88, 4, 0, 0, 0, '2012-06-10 19:14:19'),
(3039, 89, 1, 1, 2758, 2758, '2012-06-16 16:30:09'),
(3040, 89, 2, 0, 0, 0, '2012-06-16 16:30:09'),
(3041, 89, 3, 0, 0, 0, '2012-06-16 16:30:09'),
(3042, 89, 4, 0, 0, 0, '2012-06-16 16:30:09'),
(3059, 90, 1, 0, 0, 0, '2012-07-16 20:03:19'),
(3060, 90, 2, 1, 1826, 1826, '2012-07-16 20:03:19'),
(3061, 90, 3, 0, 0, 0, '2012-07-16 20:03:19'),
(3062, 90, 4, 0, 0, 0, '2012-07-16 20:03:19'),
(3087, 91, 1, 7, 1447, 1352, '2012-07-20 06:07:22'),
(3088, 91, 2, 0, 0, 0, '2012-07-20 06:07:22'),
(3089, 91, 3, 0, 0, 0, '2012-07-20 06:07:22'),
(3090, 91, 4, 0, 0, 0, '2012-07-20 06:07:22'),
(3111, 92, 1, 5, 1179, 1120, '2012-07-25 05:59:02'),
(3112, 92, 2, 0, 0, 0, '2012-07-25 05:59:02'),
(3113, 92, 3, 0, 0, 0, '2012-07-25 05:59:02'),
(3114, 92, 4, 0, 0, 0, '2012-07-25 05:59:02'),
(3119, 93, 1, 2, 1201, 1078, '2012-07-28 12:01:11'),
(3120, 93, 2, 0, 0, 0, '2012-07-28 12:01:11'),
(3121, 93, 3, 0, 0, 0, '2012-07-28 12:01:11'),
(3122, 93, 4, 0, 0, 0, '2012-07-28 12:01:11'),
(3123, 94, 1, 2, 0, 0, '2012-07-29 15:02:53'),
(3124, 94, 2, 0, 0, 0, '2012-07-29 15:02:53'),
(3125, 94, 3, 0, 0, 0, '2012-07-29 15:02:53'),
(3126, 94, 4, 0, 0, 0, '2012-07-29 15:02:53'),
(3135, 95, 1, 0, 0, 0, '2012-07-30 14:16:03'),
(3136, 95, 2, 1, 0, 0, '2012-07-30 14:16:03'),
(3137, 95, 3, 0, 0, 0, '2012-07-30 14:16:03'),
(3138, 95, 4, 0, 0, 0, '2012-07-30 14:16:03'),
(3143, 81, 1, 3, 2293, 887, '2012-07-30 16:51:52'),
(3144, 81, 2, 0, 0, 0, '2012-07-30 16:51:52'),
(3145, 81, 3, 0, 0, 0, '2012-07-30 16:51:52'),
(3146, 81, 4, 0, 0, 0, '2012-07-30 16:51:53'),
(3175, 96, 1, 10, 1452, 1024, '2012-08-07 13:39:18'),
(3176, 96, 2, 0, 0, 0, '2012-08-07 13:39:18'),
(3177, 96, 3, 0, 0, 0, '2012-08-07 13:39:18'),
(3178, 96, 4, 0, 0, 0, '2012-08-07 13:39:18'),
(3183, 97, 1, 2, 0, 0, '2012-08-08 09:29:28'),
(3184, 97, 2, 0, 0, 0, '2012-08-08 09:29:28'),
(3185, 97, 3, 0, 0, 0, '2012-08-08 09:29:28'),
(3186, 97, 4, 0, 0, 0, '2012-08-08 09:29:28'),
(3195, 98, 1, 0, 0, 0, '2012-08-17 13:31:15'),
(3196, 98, 2, 0, 0, 0, '2012-08-17 13:31:15'),
(3197, 98, 3, 0, 0, 0, '2012-08-17 13:31:15'),
(3198, 98, 4, 0, 0, 0, '2012-08-17 13:31:15'),
(3203, 99, 1, 2, 1173, 1087, '2012-08-20 16:39:42'),
(3204, 99, 2, 0, 0, 0, '2012-08-20 16:39:42'),
(3205, 99, 3, 0, 0, 0, '2012-08-20 16:39:42'),
(3206, 99, 4, 0, 0, 0, '2012-08-20 16:39:42'),
(3339, 100, 1, 0, 0, 0, '2012-09-02 13:42:57'),
(3340, 100, 2, 34, 1845, 1213, '2012-09-02 13:42:57'),
(3341, 100, 3, 0, 0, 0, '2012-09-02 13:42:57'),
(3342, 100, 4, 0, 0, 0, '2012-09-02 13:42:57'),
(3343, 84, 1, 13, 3688, 1959, '2012-09-15 19:40:40'),
(3344, 84, 2, 0, 0, 0, '2012-09-15 19:40:40'),
(3345, 84, 3, 0, 0, 0, '2012-09-15 19:40:40'),
(3346, 84, 4, 0, 0, 0, '2012-09-15 19:40:40'),
(3371, 102, 1, 2, 1062, 1061, '2012-09-25 15:15:20'),
(3372, 102, 2, 0, 0, 0, '2012-09-25 15:15:20'),
(3373, 102, 3, 3, 534, 167, '2012-09-25 15:15:20'),
(3374, 102, 4, 1, 2378, 2378, '2012-09-25 15:15:20'),
(3399, 103, 1, 5, 1580, 1432, '2012-09-28 15:01:34'),
(3400, 103, 2, 0, 0, 0, '2012-09-28 15:01:34'),
(3401, 103, 3, 0, 0, 0, '2012-09-28 15:01:34'),
(3402, 103, 4, 0, 0, 0, '2012-09-28 15:01:34'),
(3735, 104, 1, 86, 2283, 1620, '2012-09-30 14:03:20'),
(3736, 104, 2, 0, 0, 0, '2012-09-30 14:03:20'),
(3737, 104, 3, 0, 0, 0, '2012-09-30 14:03:20'),
(3738, 104, 4, 0, 0, 0, '2012-09-30 14:03:20'),
(3771, 105, 1, 10, 1243, 1110, '2012-09-30 16:34:13'),
(3772, 105, 2, 0, 0, 0, '2012-09-30 16:34:13'),
(3773, 105, 3, 0, 0, 0, '2012-09-30 16:34:13'),
(3774, 105, 4, 0, 0, 0, '2012-09-30 16:34:13'),
(3783, 106, 1, 3, 1207, 1162, '2012-10-03 09:21:20'),
(3784, 106, 2, 0, 0, 0, '2012-10-03 09:21:20'),
(3785, 106, 3, 0, 0, 0, '2012-10-03 09:21:20'),
(3786, 106, 4, 0, 0, 0, '2012-10-03 09:21:20'),
(3787, 101, 1, 2, 1283, 1211, '2012-11-10 01:42:14'),
(3788, 101, 2, 0, 0, 0, '2012-11-10 01:42:14'),
(3789, 101, 3, 0, 0, 0, '2012-11-10 01:42:14'),
(3790, 101, 4, 0, 0, 0, '2012-11-10 01:42:14'),
(3811, 107, 1, 1, 1108, 1108, '2012-12-09 13:10:11'),
(3812, 107, 2, 0, 0, 0, '2012-12-09 13:10:11'),
(3813, 107, 3, 0, 0, 0, '2012-12-09 13:10:11'),
(3814, 107, 4, 7, 2608, 1415, '2012-12-09 13:10:11'),
(3827, 108, 1, 0, 0, 0, '2012-12-10 16:11:00'),
(3828, 108, 2, 0, 0, 0, '2012-12-10 16:11:00'),
(3829, 108, 3, 0, 0, 0, '2012-12-10 16:11:00'),
(3830, 108, 4, 0, 0, 0, '2012-12-10 16:11:00'),
(3839, 109, 1, 0, 0, 0, '2012-12-15 17:03:34'),
(3840, 109, 2, 0, 0, 0, '2012-12-15 17:03:34'),
(3841, 109, 3, 0, 0, 0, '2012-12-15 17:03:34'),
(3842, 109, 4, 4, 1834, 1170, '2012-12-15 17:03:34'),
(3843, 110, 1, 1, 0, 0, '2012-12-24 16:05:07'),
(3844, 110, 2, 0, 0, 0, '2012-12-24 16:05:07'),
(3845, 110, 3, 0, 0, 0, '2012-12-24 16:05:07'),
(3846, 110, 4, 0, 0, 0, '2012-12-24 16:05:07'),
(3863, 111, 1, 3, 1293, 629, '2012-12-29 20:26:36'),
(3864, 111, 2, 2, 1666, 1384, '2012-12-29 20:26:36'),
(3865, 111, 3, 0, 0, 0, '2012-12-29 20:26:36'),
(3866, 111, 4, 0, 0, 0, '2012-12-29 20:26:36'),
(3867, 112, 1, 1, 1046, 1046, '2013-01-05 16:17:19'),
(3868, 112, 2, 0, 0, 0, '2013-01-05 16:17:19'),
(3869, 112, 3, 0, 0, 0, '2013-01-05 16:17:19'),
(3870, 112, 4, 0, 0, 0, '2013-01-05 16:17:19'),
(3871, 113, 1, 1, 0, 0, '2013-01-09 01:17:19'),
(3872, 113, 2, 0, 0, 0, '2013-01-09 01:17:19'),
(3873, 113, 3, 0, 0, 0, '2013-01-09 01:17:19'),
(3874, 113, 4, 0, 0, 0, '2013-01-09 01:17:19'),
(3919, 114, 1, 3, 1401, 1202, '2013-01-13 18:46:34'),
(3920, 114, 2, 10, 1111, 966, '2013-01-13 18:46:34'),
(3921, 114, 3, 0, 0, 0, '2013-01-13 18:46:34'),
(3922, 114, 4, 0, 0, 0, '2013-01-13 18:46:34'),
(3927, 115, 1, 2, 1178, 589, '2013-01-19 19:35:37'),
(3928, 115, 2, 0, 0, 0, '2013-01-19 19:35:37'),
(3929, 115, 3, 0, 0, 0, '2013-01-19 19:35:37'),
(3930, 115, 4, 0, 0, 0, '2013-01-19 19:35:37'),
(3955, 116, 1, 0, 0, 0, '2013-01-25 10:00:59'),
(3956, 116, 2, 7, 1665, 1357, '2013-01-25 10:00:59'),
(3957, 116, 3, 0, 0, 0, '2013-01-25 10:00:59'),
(3958, 116, 4, 0, 0, 0, '2013-01-25 10:00:59'),
(3991, 117, 1, 0, 0, 0, '2013-02-11 16:15:47'),
(3992, 117, 2, 9, 1945, 1309, '2013-02-11 16:15:47'),
(3993, 117, 3, 0, 0, 0, '2013-02-11 16:15:47'),
(3994, 117, 4, 0, 0, 0, '2013-02-11 16:15:47'),
(3995, 118, 1, 1, 0, 0, '2013-02-16 01:21:43'),
(3996, 118, 2, 0, 0, 0, '2013-02-16 01:21:43'),
(3997, 118, 3, 0, 0, 0, '2013-02-16 01:21:43'),
(3998, 118, 4, 0, 0, 0, '2013-02-16 01:21:43'),
(4003, 119, 1, 3, 1413, 707, '2013-02-16 20:56:33'),
(4004, 119, 2, 0, 0, 0, '2013-02-16 20:56:33'),
(4005, 119, 3, 0, 0, 0, '2013-02-16 20:56:33'),
(4006, 119, 4, 0, 0, 0, '2013-02-16 20:56:33'),
(4071, 121, 1, 3, 1046, 506, '2013-02-21 17:07:35'),
(4072, 121, 2, 0, 0, 0, '2013-02-21 17:07:35'),
(4073, 121, 3, 0, 0, 0, '2013-02-21 17:07:35'),
(4074, 121, 4, 4, 5212, 3628, '2013-02-21 17:07:35'),
(4135, 120, 1, 19, 1627, 1264, '2013-02-28 20:19:15'),
(4136, 120, 2, 0, 0, 0, '2013-02-28 20:19:15'),
(4137, 120, 3, 0, 0, 0, '2013-02-28 20:19:15'),
(4138, 120, 4, 0, 0, 0, '2013-02-28 20:19:15'),
(4167, 77, 1, 26, 1673, 1048, '2013-03-04 10:19:20'),
(4168, 77, 2, 0, 0, 0, '2013-03-04 10:19:20'),
(4169, 77, 3, 0, 0, 0, '2013-03-04 10:19:20'),
(4170, 77, 4, 0, 0, 0, '2013-03-04 10:19:20'),
(4175, 122, 1, 2, 1252, 1192, '2013-03-17 20:40:05'),
(4176, 122, 2, 0, 0, 0, '2013-03-17 20:40:05'),
(4177, 122, 3, 0, 0, 0, '2013-03-17 20:40:05'),
(4178, 122, 4, 0, 0, 0, '2013-03-17 20:40:05'),
(4183, 123, 1, 1, 971, 971, '2013-04-21 19:05:06'),
(4184, 123, 2, 1, 1311, 1311, '2013-04-21 19:05:06'),
(4185, 123, 3, 0, 0, 0, '2013-04-21 19:05:06'),
(4186, 123, 4, 0, 0, 0, '2013-04-21 19:05:06'),
(4187, 124, 1, 1, 1409, 1409, '2013-05-02 08:38:26'),
(4188, 124, 2, 0, 0, 0, '2013-05-02 08:38:26'),
(4189, 124, 3, 0, 0, 0, '2013-05-02 08:38:26'),
(4190, 124, 4, 0, 0, 0, '2013-05-02 08:38:26'),
(4211, 125, 1, 6, 1335, 1003, '2013-05-03 16:48:15'),
(4212, 125, 2, 0, 0, 0, '2013-05-03 16:48:15'),
(4213, 125, 3, 0, 0, 0, '2013-05-03 16:48:15'),
(4214, 125, 4, 0, 0, 0, '2013-05-03 16:48:15'),
(4215, 126, 1, 1, 1182, 1182, '2013-05-06 11:26:40'),
(4216, 126, 2, 0, 0, 0, '2013-05-06 11:26:40'),
(4217, 126, 3, 0, 0, 0, '2013-05-06 11:26:40'),
(4218, 126, 4, 0, 0, 0, '2013-05-06 11:26:40'),
(4223, 127, 1, 2, 981, 491, '2013-05-11 14:52:09'),
(4224, 127, 2, 0, 0, 0, '2013-05-11 14:52:09'),
(4225, 127, 3, 0, 0, 0, '2013-05-11 14:52:09'),
(4226, 127, 4, 0, 0, 0, '2013-05-11 14:52:09'),
(4227, 128, 1, 1, 1026, 1026, '2013-05-24 18:53:40'),
(4228, 128, 2, 0, 0, 0, '2013-05-24 18:53:40'),
(4229, 128, 3, 0, 0, 0, '2013-05-24 18:53:40'),
(4230, 128, 4, 0, 0, 0, '2013-05-24 18:53:40'),
(4235, 129, 1, 2, 1104, 552, '2013-06-10 18:34:06'),
(4236, 129, 2, 0, 0, 0, '2013-06-10 18:34:06'),
(4237, 129, 3, 0, 0, 0, '2013-06-10 18:34:06'),
(4238, 129, 4, 0, 0, 0, '2013-06-10 18:34:06'),
(4239, 130, 1, 1, 1379, 1379, '2013-06-14 20:25:38'),
(4240, 130, 2, 0, 0, 0, '2013-06-14 20:25:38'),
(4241, 130, 3, 0, 0, 0, '2013-06-14 20:25:38'),
(4242, 130, 4, 0, 0, 0, '2013-06-14 20:25:38'),
(4247, 131, 1, 2, 787, 394, '2013-06-20 07:50:25'),
(4248, 131, 2, 0, 0, 0, '2013-06-20 07:50:25'),
(4249, 131, 3, 0, 0, 0, '2013-06-20 07:50:25'),
(4250, 131, 4, 0, 0, 0, '2013-06-20 07:50:25'),
(4259, 132, 1, 3, 1049, 1023, '2013-07-14 20:45:41'),
(4260, 132, 2, 0, 0, 0, '2013-07-14 20:45:41'),
(4261, 132, 3, 0, 0, 0, '2013-07-14 20:45:41'),
(4262, 132, 4, 0, 0, 0, '2013-07-14 20:45:41'),
(4271, 133, 1, 3, 1171, 1115, '2013-07-19 21:19:36'),
(4272, 133, 2, 0, 0, 0, '2013-07-19 21:19:36'),
(4273, 133, 3, 0, 0, 0, '2013-07-19 21:19:36'),
(4274, 133, 4, 0, 0, 0, '2013-07-19 21:19:36'),
(4279, 134, 1, 2, 1235, 1227, '2013-08-05 21:05:35'),
(4280, 134, 2, 0, 0, 0, '2013-08-05 21:05:35'),
(4281, 134, 3, 0, 0, 0, '2013-08-05 21:05:35'),
(4282, 134, 4, 0, 0, 0, '2013-08-05 21:05:35'),
(4303, 136, 1, 6, 2047, 1168, '2013-09-17 14:22:32'),
(4304, 136, 2, 0, 0, 0, '2013-09-17 14:22:32'),
(4305, 136, 3, 0, 0, 0, '2013-09-17 14:22:32'),
(4306, 136, 4, 0, 0, 0, '2013-09-17 14:22:32'),
(4331, 137, 1, 7, 1160, 1145, '2013-10-12 20:43:18'),
(4332, 137, 2, 0, 0, 0, '2013-10-12 20:43:18'),
(4333, 137, 3, 0, 0, 0, '2013-10-12 20:43:18'),
(4334, 137, 4, 0, 0, 0, '2013-10-12 20:43:18'),
(4531, 135, 1, 1, 1147, 1147, '2013-10-22 18:06:06'),
(4532, 135, 2, 0, 0, 0, '2013-10-22 18:06:06'),
(4533, 135, 3, 0, 0, 0, '2013-10-22 18:06:06'),
(4534, 135, 4, 3, 6623, 5847, '2013-10-22 18:06:06'),
(4539, 138, 1, 51, 1605, 355, '2013-10-25 20:51:35'),
(4540, 138, 2, 0, 0, 0, '2013-10-25 20:51:35'),
(4541, 138, 3, 0, 0, 0, '2013-10-25 20:51:35'),
(4542, 138, 4, 0, 0, 0, '2013-10-25 20:51:35');

--
-- Ograniczenia dla zrzutów tabel
--

--
-- Ograniczenia dla tabeli `stats`
--
ALTER TABLE `stats`
  ADD CONSTRAINT `FK_stats_game` FOREIGN KEY (`fk_game`) REFERENCES `game` (`id`),
  ADD CONSTRAINT `FK_stats_gamer` FOREIGN KEY (`fk_gamer`) REFERENCES `gamer` (`id`) ON DELETE CASCADE ON UPDATE CASCADE;

/*!40101 SET CHARACTER_SET_CLIENT=@OLD_CHARACTER_SET_CLIENT */;
/*!40101 SET CHARACTER_SET_RESULTS=@OLD_CHARACTER_SET_RESULTS */;
/*!40101 SET COLLATION_CONNECTION=@OLD_COLLATION_CONNECTION */;
         